time,pr,tas,bucket_snw,bucket_mrro,google_mrro,google_dis,google_mrro_no_hres,google_dis_no_hres
2005-03-18,2.713725,1.857884,0.0,0.96428235,0.5227353444852412,1.5125443995522023,0.3960627889824053,1.146015014416682
2005-03-19,0.0,1.065218,0.0,0.9584966559,0.0636940460002932,0.1842999016212189,0.0232017223766689,0.0671346133584171
2005-03-20,0.0,2.514638,0.0,0.9527456759646,0.0281718394007413,0.0815157390067746,0.0056269216711513,0.0162816020577294
2005-03-21,0.253761,-4.694423,0.253761,0.9433037429207486,0.0244706688183526,0.0708063333864371,0.0092956851246128,0.0268972370503844
2005-03-22,0.0,0.489425,0.0,0.9374107694421264,0.0238255980055868,0.0689398090439433,0.0111677727762327,0.0323141573386363
2005-03-23,0.480056,1.969624,0.0,0.929076914844946,0.0205941004102072,0.0595894109091645,0.0112362731530168,0.0325123644473868
2005-03-24,21.40515,3.282326,0.0,1.037403678119973,0.0652032045255879,0.1886666797615391,0.2308726712785969,0.6680343497644586
2005-03-25,0.0,3.380471,0.0,1.0311792560512532,0.0928297443768855,0.2686045844238585,0.2814378524377048,0.8143456378405812
2005-03-26,0.0,2.62803,0.0,1.0237015385149455,0.1128740911772752,0.3266032730823935,0.2561756507034829,0.7412489893040595
2005-03-27,2.764757,3.427946,0.0,1.016010063283856,0.1572970462866862,0.4551419163387913,0.2125725498794395,0.6150826096048597
2005-03-28,0.0,3.489326,0.0,1.009914002904153,0.1962428894308487,0.567832434695743,0.221111905145861,0.6397913922044589
2005-03-29,0.0,3.982116,0.0,1.002123488886728,0.2156840950213023,0.6240859230940462,0.2087110331235919,0.6039092393622453
2005-03-30,0.0,1.775311,0.0,0.988757621953408,0.1939356861571894,0.5611564992974233,0.194679514239624,0.5633087796285418
2005-03-31,0.0,4.211352,0.0,0.9772470502216876,0.1987050632878606,0.574956780346819,0.197960620852271,0.5728027223734695
2005-04-01,0.971671,7.242258,0.0,0.9637573039203574,0.209323543219142,0.6056815486664989,0.1979956389821069,0.5729040479806334
2005-04-02,0.0,10.335083,0.0,0.953621830559116,0.1962872764462986,0.5679608693469288,0.1896522623721352,0.5487623332527062
2005-04-03,0.0,11.781708,0.0,0.9352242521748036,0.1871910100448559,0.5416406540649766,0.1941189169856727,0.5616866810928031
2005-04-04,0.0,9.747329,0.0,0.915934367380149,0.1675814716899282,0.4849000916953941,0.186889669822321,0.5407687205506975
2005-04-05,0.220173,12.56101,0.0,0.8986024541149027,0.1598515267052391,0.462533352735067,0.1837899509786922,0.5317996266744567
2005-04-06,0.0,8.320852,0.0,0.8805377686110738,0.1504494660208877,0.4353283160326612,0.1766548534363465,0.5111540898042436
2005-04-07,0.0,7.582933,0.0,0.8648660747259849,0.1478214168120217,0.4277240069792297,0.1709109586135326,0.4945340237660089
2005-04-08,0.0,5.75595,0.0,0.8499877718154302,0.1405431749845576,0.4066642794692061,0.1543464616714374,0.4466043451141128
2005-04-09,0.0,8.495868,0.0,0.8367056080560834,0.1358925216010931,0.3932075277809407,0.1491699219872799,0.4316259316761573
2005-04-10,0.0,8.307888,0.0,0.8215271536506299,0.1314539736443976,0.3803645070729097,0.1430136426091621,0.4138126232903998
2005-04-11,0.0,7.851167,0.0,0.8067128168640828,0.1271740823899847,0.3679805624710206,0.1388635334587462,0.4018042056097982
2005-04-12,0.0,7.850826,0.0,0.7924514998653821,0.1188489827863747,0.3438917325994641,0.1295295123863127,0.3747960427844696
2005-04-13,0.0,5.583144,0.0,0.7783964253178031,0.1143248861528434,0.3308011752107738,0.1247128300627054,0.360858883283291
2005-04-14,6.541631,10.686955,0.0,0.793415421893589,0.1641321859010958,0.4749195193897448,0.2109368346042117,0.6103496371649646
2005-04-15,19.997886,10.872178,0.0,0.8950221559026783,0.8724047330774454,2.524319250802793,2.5664339490143817,7.426024158027726
2005-04-16,0.0,8.951007,0.0,0.8876086312786351,0.3977130183509203,1.1507899836542834,1.0214610921949685,2.955616586212293
2005-04-17,0.0,3.926775,0.0,0.8707537245993906,0.2876509594826615,0.8323233781327011,0.6882820174013915,1.9915567633142115
2005-04-18,0.0,8.082907,0.0,0.8582582268162429,0.2368459502106645,0.6853181429706731,0.5778948889199853,1.6721495628471796
2005-04-19,10.130493,4.125875,0.0,0.8913398328119373,0.4314509130058752,1.248411206614222,1.2174031946320696,3.5225786881714973
2005-04-20,0.0,5.115766,0.0,0.8859917938150657,0.3310146161645377,0.9577969217723894,0.8060793968444457,2.3324056621656415
2005-04-21,0.0,6.442043,0.0,0.875552770033748,0.2661682583580926,0.7701627846009627,0.5483678475836484,1.5867125219434275
2005-04-22,0.0,1.056189,0.0,0.8607576370693522,0.2308496330352838,0.6679676881807982,0.493814823301193,1.428862335940952
2005-04-23,0.0,5.750775,0.0,0.8506063524739124,0.2082508826104856,0.6025777853312663,0.4413644226917768,1.277096130473891
2005-04-24,0.0,3.481157,0.0,0.8367171802044353,0.1897524019364027,0.5490520889363505,0.4055348859264285,1.1734227023334158
2005-04-25,0.0,4.636068,0.0,0.8248503848174689,0.1787706857022186,0.5172762896476235,0.3774925825774744,1.0922817782913032
2005-04-26,0.281856,4.572726,0.0,0.8122008414046059,0.1720088077015447,0.4977106704327103,0.3585922381458672,1.0375932816720697
2005-04-27,0.0,5.350034,0.0,0.8011864211713599,0.1606022662606676,0.4647056315412837,0.3307419969519998,0.9570080930324067
2005-04-28,0.0,9.934242,0.0,0.7882801052269562,0.1582391568499019,0.4578679306999478,0.3302815392623159,0.9556757501803124
2005-04-29,0.183984,11.1567,0.0,0.7720066063579648,0.1541954843835924,0.4461674895358578,0.3281376003396019,0.9494722232048668
2005-04-30,3.897563,8.130203,0.0,0.7673637369708267,0.173982263623742,0.5034209016890683,0.3674967495688008,1.0633586503726875
2005-05-01,0.0,3.720876,0.0,0.7623375053857282,0.1652360249323692,0.478113498068198,0.3482092090612454,1.0075497947374
2005-05-02,0.0,4.382606,0.0,0.7511691052339211,0.1524008052295045,0.4409745521687052,0.3076953062830512,0.8903220667912362
2005-05-03,0.0,7.681226,0.0,0.7396454689385843,0.1459307449774627,0.4222533130134916,0.2915323659219027,0.8435542995425426
2005-05-04,0.0,10.323846,0.0,0.7258358129961985,0.1414911219027459,0.4094071814315566,0.2889341128410549,0.8360362061373119
2005-05-05,3.785167,8.153012,0.0,0.7210390011354952,0.1545499661540361,0.4471931891031139,0.3137392358279456,0.9078102888540092
2005-05-06,0.0,8.77569,0.0,0.7161289687442176,0.1528892159877415,0.4423877777423076,0.3110476010675356,0.9000219938296747
2005-05-07,0.011589,13.172526,0.0,0.7018719140868283,0.1408695500981593,0.4076086519043964,0.2893183139453725,0.8371478991474901
2005-05-08,0.0,14.312191,0.0,0.684790434546727,0.135911259372321,0.3932617458689846,0.2865120255274078,0.8290278516418053
2005-05-09,0.0,14.909886,0.0,0.6672409682674526,0.1292917577153218,0.3741080952410934,0.2731581381734216,0.7903881312888357
2005-05-10,0.0,17.999089,0.0,0.6496927489814748,0.1294862004888841,0.3746707190071879,0.2794313750334254,0.8085398583143096
2005-05-11,0.0,17.87035,0.0,0.6305120814120421,0.1252534608391187,0.362423208446524,0.2738866074269808,0.7924959705641804
2005-05-12,0.0,9.155418,0.0,0.6119356503922623,0.1205516625554992,0.3488184680425324,0.2547729288622946,0.7371901876802507
2005-05-13,4.493524,9.142198,0.0,0.6143122115302174,0.1390472250520957,0.4023357206368512,0.2919383765632233,0.8447290988519193
2005-05-14,0.0,10.109904,0.0,0.6092939325088775,0.1327508731546345,0.3841171098224378,0.2731098346566085,0.7902483641684275
2005-05-15,0.0,13.797386,0.0,0.5961107651067228,0.1256847367539393,0.3636711132926484,0.2569348376147928,0.7434457106909516
2005-05-16,0.0,13.175467,0.0,0.5809059965339434,0.120502514303098,0.3486762566640567,0.2489545437194351,0.7203545825215139
2005-05-17,0.0,11.93405,0.0,0.5664344775742982,0.1156320760784268,0.3345835534676702,0.2401799679887872,0.694965185152741
2005-05-18,8.296962,11.83568,0.0,0.5908108026597698,0.1651573877285272,0.4778859598626369,0.4695380440276153,1.3586170255428685
2005-05-19,0.0,14.170842,0.0,0.5842035258281492,0.153528911210401,0.4442387477152807,0.412213135103876,1.1927463399996414
2005-05-20,0.0,16.353624,0.0,0.5689556630941299,0.1305894251670025,0.3778629200434102,0.3279553678349955,0.9489449300781124
2005-05-21,0.663881,15.028815,0.0,0.5527731517170904,0.1207792803994323,0.3494770844890981,0.2947470455996637,0.852856034721249
2005-05-22,0.0,14.708052,0.0,0.540073406162451,0.1157676945373964,0.3349759679901517,0.2769435519321916,0.8013412961000915
2005-05-23,7.710171,15.1304,0.0,0.5598563062040552,0.1620412349380018,0.4688693140567183,0.5488298411562198,1.588049308901099
2005-05-24,0.0,14.478048,0.0,0.5515285738298574,0.1456125100431649,0.4213324943378613,0.4645140175141904,1.3440799117887454
2005-05-25,0.0,13.474133,0.0,0.5368288320020964,0.1239806746902161,0.3587403781545605,0.35928638041689,1.0396017951877603
2005-05-26,0.0,11.644815,0.0,0.5230710547983692,0.115689978863287,0.334751096247937,0.3153874685487068,0.91257948075436
2005-05-27,0.0,14.895912,0.0,0.5106644751630056,0.1109891021094,0.3211490223072918,0.2950817144808582,0.8538244053265572
2005-05-28,0.0,17.709893,0.0,0.4967645884078843,0.1033488526853432,0.2990418191126829,0.2790360387781732,0.8073959455386956
2005-05-29,0.0,18.644051,0.0,0.4817305791085185,0.1009470390258115,0.2920921268107974,0.27304125748568,0.7900499348543981
2005-05-30,0.0,16.586202,0.0,0.4666498190856447,0.100773330671231,0.2915894984699973,0.2691111635589038,0.7786781352977543
2005-05-31,0.0,17.639077,0.0,0.4530512070224087,0.0987405896695747,0.2857077247383529,0.2592978702314141,0.7502831893270084
2005-06-01,0.0,22.104147,0.0,0.4393202620284038,0.1000264308230214,0.289428329927724,0.2665625194953236,0.7713035865026726
2005-06-02,0.0,20.976915,0.0,0.4238802070093539,0.0975650249074533,0.2823062063294367,0.2600787898855827,0.7525427948078204
2005-06-03,0.0,19.875794,0.0,0.4094798173703459,0.0961684465978152,0.2782651811279375,0.2532602378063586,0.7328131880971025
2005-06-04,0.0,19.81829,0.0,0.3960394728055895,0.094222943744171,0.2726358325930875,0.2466917274612257,0.7138070817743799
2005-06-05,0.0,21.537544,0.0,0.3830514332652024,0.0939455632946817,0.2718332271258152,0.2449531080325329,0.7087763542608012
2005-06-06,0.0,22.324432,0.0,0.3697652819825071,0.0930426177450982,0.2692205374568815,0.2425549036977869,0.7018371056070225
2005-06-07,1.040007,19.366076,0.0,0.356613306460539,0.095053856386329,0.2750400937104427,0.242050826934097,0.7003785501565308
2005-06-08,0.0,18.362076,0.0,0.3473651144246703,0.0900838929505454,0.260659412472643,0.2265401760352858,0.6554981945465448
2005-06-09,0.0,22.887289,0.0,0.3364817717295453,0.0911365870816638,0.2637054024353699,0.2340850471320266,0.6773294187847992
2005-06-10,0.0,20.463557,0.0,0.3242794500408746,0.089806512501056,0.2598568070053706,0.2286249066726853,0.661530401251983
2005-06-11,0.0,18.909278,0.0,0.3133653800356689,0.0887343126572659,0.2567543769018112,0.2221336512367955,0.6427478334398018
2005-06-12,6.674607,17.900868,0.0,0.3313893434857344,0.1063129530700024,0.3076184984664423,0.3211987886302836,0.929394643027441
2005-06-13,0.0,21.158117,0.0,0.3252644781000999,0.1027286631753554,0.2972472892805424,0.2995768597219594,0.8668311913251143
2005-06-14,0.0,22.274085,0.0,0.3140537778448943,0.0912702088928796,0.2640920396206008,0.2607514297961799,0.7544890908454281
2005-06-15,0.0,22.160662,0.0,0.3028434141660375,0.0897510671288159,0.2596963747940277,0.2455152411693717,0.7104028969021172
2005-06-16,0.0,23.62461,0.0,0.2920668291784293,0.0886905399949711,0.2566277198928562,0.2394109514269971,0.6927400214901536
2005-06-17,4.090759,23.045501,0.0,0.2937493999085394,0.0992131808340701,0.2870751760245085,0.2895822554195959,0.8379116186909604
2005-06-18,0.0,23.303255,0.0,0.2866576242432935,0.0949025719219065,0.2746023493110721,0.2702822742606514,0.782066765800496
2005-06-19,0.0,27.751264,0.0,0.2760931096673525,0.0904181010668736,0.2616264498462779,0.2603838162270477,0.7534253941754854
2005-06-20,0.0,25.762832,0.0,0.2645780594097755,0.0879834195135487,0.2545816536850367,0.2397360210401444,0.6936806164356032
2005-06-21,0.0,22.153868,0.0,0.2541165044704784,0.0853178947622268,0.2468689084555174,0.2287822578745135,0.6619856998683842
2005-06-22,0.0,20.900407,0.0,0.2450687989754769,0.0842258820291874,0.24370914939001,0.2180482027559449,0.6309265126040073
2005-06-23,0.0,26.48466,0.0,0.236678939004867,0.0851894949528286,0.2464973812292496,0.2235501192298272,0.646846409808528
2005-06-24,0.0,22.047071,0.0,0.2271370706134135,0.0839266920426951,0.242843437623539,0.2159248446639239,0.6247825366432984
2005-06-25,25.882792,25.082035,0.0,0.3623770124497104,0.3017475230069166,0.873112045737606,7.729806355588664,22.36633783445794
2005-06-26,0.0,25.652764,0.0,0.3528313586772907,0.1726620186936145,0.4996007485347642,1.917492404195329,5.54829978065778
2005-06-27,0.0,28.099372,0.0,0.3389388549633461,0.1201847401336664,0.3477567712200996,1.0820845400021284,3.131031655098751
2005-06-28,0.0,23.736136,0.0,0.324696578849877,0.1034099808242672,0.2992186945146621,0.715209653744715,2.0694723777335504
2005-06-29,0.0,21.487963,0.0,0.312600356606066,0.1015785940691671,0.2939195430242105,0.589774482290224,1.706523386256435
2005-06-30,0.0,25.655451,0.0,0.3017249964751932,0.0967146065526236,0.279845505071249,0.5228188965143232,1.5127861588956113
2005-07-01,0.0,19.501067,0.0,0.2898686005271743,0.0950899496341861,0.2751445301915108,0.4619556973884187,1.3366773651285264
2005-07-02,0.0,19.178513,0.0,0.2804219079613985,0.0929693561313627,0.2690085536208411,0.4077456357547504,1.179819547901477
2005-07-03,0.0,19.526942,0.0,0.2713877282432281,0.0891989172307461,0.2580987188389645,0.3600840411945327,1.0419098414193655
2005-07-04,0.0,24.400322,0.0,0.2625489842751259,0.0910862101229526,0.2635596357724323,0.3467031223017258,1.0031919048082345
2005-07-05,0.0,26.78863,0.0,0.2526207429767874,0.0922731404184418,0.266994040562621,0.3515651899646599,1.0172603876292243
2005-07-06,0.0,25.537627,0.0,0.2424247041026933,0.0878795938303511,0.2542812321480068,0.3263866938478088,0.944405942846669
2005-07-07,0.0,22.323857,0.0,0.2329775026233752,0.0871382231605366,0.2521360623858121,0.3052425013116533,0.8832248301841822
2005-07-08,0.0,17.090513,0.0,0.2247154999117531,0.0854730189338681,0.2473177631188314,0.2809139627847656,0.8128297534281415
2005-07-09,0.0,21.016589,0.0,0.2180217239170072,0.0837751004016951,0.242404804403053,0.2713978627960145,0.7852947418866161
2005-07-10,0.0,22.085447,0.0,0.2106142463696972,0.0816265538303184,0.2361879451108752,0.261728865665809,0.757317319634864
2005-07-11,0.0,20.133009,0.0,0.2032255182587807,0.0819552327682515,0.2371389837044316,0.2582235969457258,0.7471747596809197
2005-07-12,0.0,20.916473,0.0,0.1965306201252334,0.0807156216897198,0.2335521460929392,0.2521193839974955,0.7295121064742348
2005-07-13,0.0,18.19385,0.0,0.1899001728858121,0.0791688340336804,0.2290764873659735,0.2413517698378342,0.6983558155029925
2005-07-14,0.0,16.836531,0.0,0.1840548702461734,0.0780058635112368,0.2257114106227917,0.2324603902135891,0.6726284439050612
2005-07-15,0.0,17.332226,0.0,0.1786641047540809,0.0767002094685409,0.2219334764714726,0.2286452571209452,0.6615892856508832
2005-07-16,0.0,19.353723,0.0,0.1733447226452631,0.0763924185378783,0.2210428777137684,0.2259239798208057,0.6537152193889054
2005-07-17,0.0,18.038375,0.0,0.1678194209294741,0.0728661850163803,0.210839655718693,0.2165233782251974,0.6265144045867981
2005-07-18,0.0,20.128025,0.0,0.1627130506179362,0.0724905080620885,0.2097526274944692,0.2150237421738055,0.6221751799010575
2005-07-19,0.0,23.279617,0.0,0.1574106068027228,0.0723415274219974,0.2093215492534647,0.2187848889829524,0.6330581278441911
2005-07-20,0.0,19.165007,0.0,0.1517662512922315,0.0717205699705658,0.2075247973685355,0.21568931702312,0.6241010330530092
2005-07-21,0.203815,20.319905,0.0,0.1469922678336448,0.0717551273355354,0.2076247897440262,0.2126505727301264,0.61530837016819
2005-07-22,0.0,18.486035,0.0,0.1423848226565549,0.0706726370763988,0.2044925841330984,0.2076314610419416,0.6007854775519145
2005-07-23,0.0,19.217293,0.0,0.1380243367296263,0.0691524201943138,0.2000938084326212,0.2047808624026714,0.5925372176003225
2005-07-24,0.0,19.004905,0.0,0.1337001968215003,0.0694801776025144,0.2010421805628312,0.2039928008930758,0.5902569470285759
2005-07-25,0.0,20.73951,0.0,0.129549741111866,0.0676292851347426,0.195686588931547,0.1971355445650857,0.5704153488573084
2005-07-26,3.830373,24.444532,0.0,0.1362850102155353,0.0753561583536566,0.2180444396807193,0.2282015405547355,0.6603053835495819
2005-07-27,0.0,22.56454,0.0,0.1329963867594762,0.077250977072012,0.2235271327315162,0.2203860468932106,0.6376911079085955
2005-07-28,0.0,18.416997,0.0,0.1284045900809,0.0703130868924262,0.2034522190174369,0.2037849959383919,0.5896556595439582
2005-07-29,0.0,17.943671,0.0,0.1245312651668783,0.0687404964038762,0.1989018993167715,0.1951100222130009,0.5645544624218776
2005-07-30,0.0,18.624425,0.0,0.1208441600880714,0.0676827338592289,0.1958412438056393,0.1923153297108371,0.5564679679133018
2005-07-31,0.0,20.80023,0.0,0.1171903100592043,0.0673634238069098,0.1949173142561049,0.1878899903469744,0.5436631665132361
2005-08-01,0.0,17.972258,0.0,0.1133947993616598,0.0663557310443963,0.1920015365867948,0.1806519886511637,0.5227198745693395
2005-08-02,0.0,16.165261,0.0,0.1100584981701637,0.0655919364844237,0.1897914828831705,0.1754742202606962,0.5077379058469221
2005-08-03,0.0,13.049128,0.0,0.1070306987998703,0.0654150027757793,0.1892795219206579,0.166578540164366,0.4819980907533739
2005-08-04,0.0,16.797627,0.0,0.1044315630438392,0.0631623233446276,0.1827613522703347,0.161409833482935,0.4670423422538629
2005-08-05,3.818192,16.003638,0.0,0.1124158193192929,0.0711186574669398,0.2057831523927656,0.1823357770607714,0.5275919475138062
2005-08-06,0.0,19.593158,0.0,0.110762293012251,0.0697346733969794,0.2017785688570008,0.1828403145893276,0.5290518361959711
2005-08-07,0.0,22.370284,0.0,0.1073663276448552,0.0642458887217856,0.1858966687551667,0.1711617682890676,0.4952597462067927
2005-08-08,0.0,19.845578,0.0,0.1037859350851531,0.0631048813246337,0.1825951427217412,0.1675863865151683,0.4849143128332417
2005-08-09,0.0,13.085201,0.0,0.1005960498262346,0.0630256297676368,0.1823658268739491,0.1589903571701967,0.4600415427378378
2005-08-10,0.0,15.370709,0.0,0.0981879162320129,0.0617182862537646,0.1785830042064949,0.14952732193521,0.4326600750440104
2005-08-11,0.0,15.955602,0.0,0.0956222741844708,0.0593186228302755,0.1716395336524177,0.1428483816104631,0.4133344375302751
2005-08-12,0.0,16.898285,0.0,0.093075959564081,0.0592969668815612,0.1715768717637768,0.1421368070686668,0.4112754834162813
2005-08-13,0.0,14.582832,0.0,0.0905188689883988,0.0585353225576312,0.1693730398079608,0.137656636685719,0.3983120274471037
2005-08-14,0.0,17.540614,0.0,0.0882444203502656,0.0562359522866984,0.1627197693480857,0.1323324986560692,0.3829065354631633
2005-08-15,1.068639,19.567033,0.0,0.0857799975809147,0.0609695433460899,0.1764165027375288,0.1408228592583782,0.4074735510948444
2005-08-16,0.0,18.888969,0.0,0.0837931628595865,0.0597757015776068,0.1729620994722419,0.1385893783633207,0.4010109327642382
2005-08-17,0.0,23.447779,0.0,0.0813591451230869,0.0576108746476222,0.166698132660944,0.1394709751407674,0.4035618493656465
2005-08-18,0.0,20.726787,0.0,0.078647401939865,0.0573416343774368,0.1659190809532317,0.1364448250874517,0.3948056281465616
2005-08-19,0.0,16.221404,0.0,0.0762399586520138,0.0569484483582272,0.1647813899254259,0.1301939353234615,0.3767185628572383
2005-08-20,0.0,17.62081,0.0,0.0742415216377313,0.056098337179975,0.1623215774883536,0.125113541908064,0.3620183504284259
2005-08-21,0.0,14.29579,0.0,0.0722035675611734,0.0548828394627776,0.1588045123344259,0.1207709866318396,0.3494530863189803
2005-08-22,0.0,15.366882,0.0,0.0704551213687161,0.0550192258631909,0.159199148909696,0.1183968188642836,0.3425833879174874
2005-08-23,0.0,17.575291,0.0,0.068683920022638,0.0548135711445496,0.1586040831728867,0.1163398109130042,0.3366313973177207
2005-08-24,0.0,18.76529,0.0,0.0668214052293434,0.053213949117179,0.1539755472140596,0.1159515397190347,0.3355079274277625
2005-08-25,0.010887,18.765752,0.0,0.0649419370583015,0.053072340714948,0.1535658006798265,0.114633905789816,0.3316953292529399
2005-08-26,0.0,17.912025,0.0,0.0631264807796084,0.0531651080413553,0.1538342246566994,0.1137796477277675,0.3292235177308087
2005-08-27,0.0,20.287355,0.0,0.0614138551376305,0.052910151482024,0.1530965031308566,0.114036293758275,0.3299661277727866
2005-08-28,0.0,17.243761,0.0,0.0596200941995292,0.0521225507372946,0.1508175657907831,0.1097732972156251,0.3176310683322486
2005-08-29,0.0,17.193391,0.0,0.0580512259116384,0.0515945142005591,0.1492896822932846,0.1073175740667409,0.3105253879245976
2005-08-30,0.0,20.832365,0.0,0.0565321465346854,0.0516335256259026,0.1494025625749497,0.1090538896711024,0.3155494492798102
2005-08-31,0.0,19.99765,0.0,0.0548725316304809,0.0519408557916989,0.1502918281009807,0.1073046726504856,0.3104880574377477
2005-09-01,0.0,18.160059,0.0,0.0533093443551663,0.0506656122301762,0.1466018872400934,0.1049586115397716,0.3036996861683206
2005-09-02,0.0,17.765787,0.0,0.0518845104123789,0.0500417366012584,0.1447966915545672,0.1030427512258569,0.2981561088711138
2005-09-03,0.0,17.160785,0.0,0.0505215483737951,0.0491570680580366,0.1422368867420042,0.100772716318076,0.2915877208277663
2005-09-04,0.0,13.982156,0.0,0.0492268265815612,0.0491956187185138,0.1423484337919961,0.0983669093630368,0.2846264738513797
2005-09-05,0.0,13.414407,0.0,0.0481082493725226,0.0487340859108087,0.1410129800659975,0.0948380648406299,0.2744156968768228
2005-09-06,0.0,14.988169,0.0,0.0470433245859108,0.0465681838628029,0.1347459023807954,0.091510728153068,0.2647879865540163
2005-09-07,0.0,16.635641,0.0,0.0459415462936588,0.0465029088400825,0.1345570278937574,0.0913663551616394,0.2643702406297439
2005-09-08,0.0,14.250835,0.0,0.0448043279554891,0.0455736996931221,0.1318683440194508,0.0901330412029466,0.2608016238511187
2005-09-09,0.0,18.214353,0.0,0.0437919876273553,0.0464849390102983,0.1345050318585022,0.0930301770937092,0.2691845402017048
2005-09-10,9.305364,18.048375,0.0,0.0864899448146892,0.0589054703335278,0.1704440692521061,0.1570235055444158,0.4543504211354623
2005-09-11,0.0,22.428234,0.0,0.0853463344492239,0.0556242101325921,0.1609496820966207,0.1514133861211064,0.4381174366930163
2005-09-12,0.0,20.842082,0.0,0.0828500303733929,0.0531462166818386,0.1537795621580978,0.1314533592912425,0.3803627294306788
2005-09-13,0.0,17.667913,0.0,0.0805484565347982,0.049324018527912,0.1427199610182639,0.1144999768020227,0.3313078032465935
2005-09-14,0.0,16.372442,0.0,0.0785351299849741,0.0496046243314651,0.1435318991072487,0.1085392153154884,0.3140602295008347
2005-09-15,0.0,11.853266,0.0,0.0766655104545955,0.0477380658582404,0.1381309775990754,0.1005910213724803,0.2910619831379639
2005-09-16,10.746646,14.449175,0.0,0.1276151935878235,0.0652912106150438,0.1889213270111222,0.2045887234534404,0.591981259992594
2005-09-17,0.0,10.520611,0.0,0.1263913569071459,0.054788997018349,0.1585329774836488,0.1634970983270989,0.4730818817335038
2005-09-18,0.0,8.554912,0.0,0.1240272422422588,0.0512822692095227,0.148386195629406,0.1301126871187108,0.3764834696721956
2005-09-19,0.0,9.159151,0.0,0.1219150919911218,0.0473935673265657,0.1371341647180722,0.1190483403851772,0.3444685775034062
2005-09-20,0.0,17.148774,0.0,0.1197873679124484,0.0471584236564837,0.1364537721541774,0.1153530061577612,0.3337760594842628
2005-09-21,0.0,20.307144,0.0,0.1169355810455307,0.04639969751004,0.1342583839989584,0.1142703623103358,0.3306434094627772
2005-09-22,0.0,24.116732,0.0,0.1138691540719987,0.046124620884882,0.1334624446900521,0.1195894319264567,0.3460342358983124
2005-09-23,0.0,16.40428,0.0,0.1105526095580927,0.0453328732563562,0.1311715082649197,0.1120069316989713,0.3240941310734125
2005-09-24,0.0,14.434857,0.0,0.1080213599689988,0.045092200407879,0.1304751169209464,0.1068929024483367,0.3092965927324557
2005-09-25,0.0,10.020104,0.0,0.1057261895150056,0.0431920060994173,0.1249768695006287,0.1000619097177235,0.2895309887665612
2005-09-26,0.0,13.592819,0.0,0.1038536679954449,0.0425412525199675,0.1230939019674986,0.0981157925109244,0.2838998625894803
2005-09-27,0.0,11.640266,0.0,0.1017343553586663,0.0422614146578581,0.1222841859313025,0.0963819343191829,0.2788829118031914
2005-09-28,0.0,10.682129,0.0,0.0998203825178993,0.0423752235798247,0.1226134941545853,0.0956772712503806,0.2768439561642958
2005-09-29,0.0,13.220444,0.0,0.0980236048033133,0.0411024374309221,0.1189306638626218,0.0927230005162016,0.2682957190862315
2005-09-30,0.0,13.755583,0.0,0.0960773547082343,0.0395329187081472,0.1143892323731112,0.0896735050429953,0.2594719474623707
2005-10-01,0.0,6.397809,0.0,0.0941392836481379,0.0402550908418675,0.1164788508155888,0.0872655478519135,0.2525044787381758
2005-10-02,0.0,4.562339,0.0,0.0927688111337319,0.0399171966066091,0.1155011475885682,0.0853999109084213,0.2471062236933488
2005-10-03,4.979865,5.103592,0.0,0.1094295490456984,0.0472068039674411,0.1365937614798644,0.1048070198987716,0.3032610529478345
2005-10-04,0.0,6.414917,0.0,0.1087729717514242,0.0449317006461313,0.1300107078881116,0.0979443879806751,0.2834039004070462
2005-10-05,0.0,7.593875,0.0,0.1077424911959789,0.0414773464437701,0.120015470034057,0.08925513054443,0.2582613731030961
2005-10-06,0.0,8.649442,0.0,0.1061028945436543,0.040723227945989,0.1178334141955701,0.0886506070398951,0.2565121731478447
2005-10-07,0.0,11.899763,0.0,0.1044130474276696,0.0399018377777338,0.1154567065327946,0.0867083295403148,0.2508921572347072
2005-10-08,0.0,12.733362,0.0,0.1025115141672153,0.0388701852421746,0.1124716008164776,0.0841744299524549,0.2435602718531682
2005-10-09,0.0,6.335312,0.0,0.1005912751701485,0.0391676857574907,0.1133324240668134,0.0826328642982332,0.2390997230851656
2005-10-10,17.934757,8.696155,0.0,0.1947828681059129,0.0636204772099802,0.1840870289640631,0.4787842125988817,1.3853709855291716
2005-10-11,0.583989,10.935801,0.0,0.1936141708972775,0.0535426280551121,0.1549265858076161,0.2329918056926772,0.6741661044348299
2005-10-12,0.0,12.363627,0.0,0.1915081503915933,0.049465626930143,0.1431297075524971,0.17908108763379,0.5181744433848091
2005-10-13,0.0,9.500935,0.0,0.1880322946019653,0.0442499222323533,0.1280379694223187,0.1435561164450405,0.4153822813803255
2005-10-14,0.0,10.444662,0.0,0.1850083956197247,0.0443271771415965,0.1282615079328602,0.1310652416855617,0.3792397039512783
2005-10-15,0.0,9.898951,0.0,0.1819244470712859,0.0420454695238703,0.1216593446871248,0.1229606948646022,0.3557890476406316
2005-10-16,0.0,10.656546,0.0,0.1789724496920494,0.0422968935525602,0.1223868447701396,0.1202503223329642,0.3479465345282531
2005-10-17,0.0,6.73229,0.0,0.1759875524647213,0.0407885029687093,0.1180222886826082,0.1134475898474818,0.3282627021049821
2005-10-18,0.0,3.137495,0.0,0.1735324113837528,0.0405779334248279,0.1174130018079512,0.1127722621418314,0.3263086288826141
2005-10-19,8.652062,8.017429,0.0,0.2114527084427316,0.0547235684073399,0.158343658586053,0.1879735423760564,0.5439049258566448
2005-10-20,0.0,6.50354,0.0,0.2101839921920752,0.0491960794833801,0.1423497670236693,0.1669324075816547,0.4830220126783991
2005-10-21,0.102244,7.59479,0.0,0.2080960981067741,0.0460648750405567,0.1332895689830925,0.1357157414807375,0.3926960112289858
2005-10-22,0.0,6.032618,0.0,0.2052480303956932,0.0423087198507943,0.1224210643830854,0.1215994418613775,0.3518502368674117
2005-10-23,2.465168,6.203409,0.0,0.2053207873125598,0.0464360979344746,0.134363709301142,0.1233964248397967,0.3570498403929303
2005-10-24,0.0,8.730298,0.0,0.2040888625886844,0.0442728068873776,0.1281041865954215,0.1217662387429641,0.3523328667331137
2005-10-25,0.819807,9.913185,0.0,0.202091175416697,0.0422654079533657,0.1222957406058036,0.1167064261582595,0.337692205319038
2005-10-26,1.327109,5.53309,0.0,0.1999656525751615,0.0441044741229035,0.1276171126241421,0.1134939735106854,0.3283969140934186
2005-10-27,0.0,2.73361,0.0,0.1987658586597106,0.0433557312152288,0.125450611155176,0.11311998602757,0.3273147743853298
2005-10-28,0.963243,12.347314,0.0,0.1968925124800074,0.0411985836996819,0.119208864871765,0.1127397014246156,0.326214413844374
2005-10-29,0.0,10.992903,0.0,0.1947282115722022,0.0394121983131867,0.1140399256747302,0.1076199894072971,0.311400432312781
2005-10-30,0.0,9.01734,0.0,0.1916011255760762,0.0395505813613539,0.1144403395872509,0.10713157864906,0.3099872067391785
2005-10-31,29.63234,9.890305,0.0,0.3545664215811243,0.1012830902016048,0.2930644971111252,4.290846000232591,12.41564236178412
2005-11-01,0.0,9.30899,0.0,0.3524390230516375,0.0664225419500041,0.1921948551794102,0.8479660717475213,2.4536055316768555
2005-11-02,0.0,9.703174,0.0,0.3483257751374126,0.0564488256549111,0.1633357223811087,0.5048232638976202,1.4607154626667254
2005-11-03,0.0,7.97348,0.0,0.3430896751286249,0.0483227764735261,0.1398228485923788,0.3919119118905456,1.1340043746832915
2005-11-04,25.476762,10.47585,0.0,0.4791730813221851,0.1550580362132336,0.4486632992281066,5.405458021255782,15.640792885578076
2005-11-05,0.0,7.710039,0.0,0.476298042834252,0.0852758115711083,0.2467471399626976,1.31094737060387,3.793250493645457
2005-11-06,2.593881,11.955179,0.0,0.4747889705244327,0.0883096410388617,0.2555255817096694,0.8358399691738327,2.418518429322433
2005-11-07,0.0,12.421091,0.0,0.4719402367012861,0.0623029968690502,0.1802748751997982,0.6147040117910052,1.7786574415248997
2005-11-08,8.098153,10.038227,0.0,0.5018449472146177,0.1051946767395861,0.3043827451955618,0.9282113833697814,2.6857968268801544
2005-11-09,35.545335,6.68797,0.0,0.7034777015313299,0.5612575911290207,1.6240092335909166,13.850565677342956,40.07686827934884
2005-11-10,0.0,3.716757,0.0,0.699256835322142,0.2121130137194882,0.6137529332161118,3.2677947160202336,9.45542452552151
2005-11-11,0.0,1.217824,0.0,0.6950612943102091,0.1387878144323906,0.401585111204834,1.893587807742474,5.479131388143732
2005-11-12,2.286786,0.959222,0.0,0.6903584917824283,0.1066826400810327,0.3086881946789143,1.3014439032518688,3.765752034872305
2005-11-13,0.0,5.90896,0.0,0.6862163408317337,0.0975229417163348,0.2821844378366169,0.9941971742934186,2.8767279348767896
2005-11-14,0.0,8.909752,0.0,0.6820990427867433,0.0832057486152848,0.2407573744655232,0.877019139624764,2.5376711215994328
2005-11-15,18.457183,6.226181,0.0,0.773085620869868,0.248739750497613,0.719733074356519,3.8037527223364975,11.006228941945883
2005-11-16,0.0,8.923162,0.0,0.7684471071446488,0.1508317472715958,0.4364344539108676,1.832416241729824,5.302130329079352
2005-11-17,2.107457,4.712532,0.0,0.7629772059997804,0.1406124433027855,0.4068647086307452,1.252761887299707,3.6248897201959114
2005-11-18,23.847119,1.226907,0.0,0.8961535527637818,0.4014023626350749,1.161465169661675,6.591461565010661,19.072516102461403
2005-11-19,0.0,-1.481348,0.0,0.8907766314471991,0.2030219693198631,0.5874478278931226,2.4691531235654907,7.144540288094592
2005-11-20,0.0,1.337621,0.0,0.8854319716585158,0.1513299876803131,0.4378761217601654,1.7339203409315296,5.0171306161213245
2005-11-21,0.0,-3.754861,0.0,0.8801193798285648,0.1232342356068727,0.3565805428439605,1.2139091762541376,3.5124686812909074
2005-11-22,37.668898,-3.229317,37.668898,0.8748386635495935,0.4551850648552857,1.3170864145118224,13.582906752178587,39.302392222738966
2005-11-23,0.0,-3.97057,37.668898,0.8695896315682959,0.2252103318371112,0.651650265732382,4.406223365803896,12.74948890568257
2005-11-24,0.0,-7.818451,37.668898,0.8643720937788862,0.2021561921361581,0.5849426855791612,2.591312947968163,7.498012002222694
2005-11-25,0.0,-6.102644,37.668898,0.8591858612162129,0.1579275262120205,0.4569662216783002,2.0178480671850707,5.8386807499568025
2005-11-26,0.0,-3.438359,37.668898,0.8540307460489156,0.1511181894301216,0.4372632796010465,1.516545952725643,4.388153798395958
2005-11-27,0.0,-2.407201,37.668898,0.8489065615726221,0.1449239737446817,0.419340201807528,1.3127925803049578,3.798589642086105
2005-11-28,0.0,6.150813,17.986296399999997,0.9489314696357068,0.1552494072210208,0.4492170347830465,1.1337709924632833,3.2805873624516297
2005-11-29,0.0,4.978099,2.056379599999996,1.0329577936178924,0.1578120278188777,0.4566320249388823,1.0359519168564546,2.9975460557189084
2005-11-30,0.0,2.525371,0.0,1.0338715684561852,0.14658180573349,0.4241371693677372,0.9331999693855764,2.7002313928980795
2005-12-01,0.0,-0.526827,0.0,1.027668339045448,0.1359834458680353,0.3934706188311208,0.8640848938727252,2.5002456419928394
2005-12-02,0.0,1.370426,0.0,1.021502329011175,0.1304687047720421,0.3775136133450292,0.8249290571407641,2.3869475033008225
2005-12-03,0.0,-2.339778,0.0,1.0153733150371085,0.1235658327222921,0.3575400252381138,0.7837870550557113,2.2679023583787945
2005-12-04,4.10827,-0.570709,4.10827,1.0092810751468857,0.1340474654882939,0.3878688237508505,0.8552956120634292,2.4748136923131634
2005-12-05,0.0,-1.381575,4.10827,1.0019916686960044,0.1259232593663739,0.3643612828888135,0.8198556519925049,2.3722675115523866
2005-12-06,0.733387,0.952006,1.0618507999999998,1.0047934018838285,0.1265758560052887,0.3662495833486364,0.7420335411989853,2.1470877928211385
2005-12-07,0.0,-8.59612,1.0618507999999998,0.9987646414725252,0.1174542475362017,0.3398560403246577,0.7060610137368073,2.04300061845141
2005-12-08,0.0,-6.551142,1.0618507999999998,0.99277205362369,0.1129339906098891,0.3267765931999108,0.6687335303912434,1.9349928541413293
2005-12-09,3.94728,-6.566607,5.009130799999999,0.986815421301948,0.1150510515820713,0.3329023483277526,0.7131379013177153,2.063477723720241
2005-12-10,0.0,-9.408523,5.009130799999999,0.9808945287741364,0.1091345235226981,0.3157827648226219,0.6964687339568343,2.0152451792732475
2005-12-11,0.0,-7.924512,5.009130799999999,0.9750091616014916,0.1064143213405799,0.3079118094345484,0.6220783998872292,1.799995370044066
2005-12-12,0.0,-4.658712,5.009130799999999,0.9691591066318824,0.102213681643164,0.2957571806804514,0.5994385645951894,1.7344865873703397
2005-12-13,0.591498,-5.141795,5.600628799999999,0.9633441519920912,0.1033559177466258,0.2990622619983388,0.5819702005737781,1.6839415525861638
2005-12-14,0.101891,-4.387074,5.702519799999999,0.9575640870801388,0.1003403652852341,0.2903367051077377,0.5624121910897273,1.6273500899587017
2005-12-15,12.40108,-2.422613,18.1035998,0.951818702557658,0.1239330623207024,0.3586026108816622,1.0429533541905125,3.017804844301251
2005-12-16,0.0,-3.469537,18.1035998,0.946107790342312,0.1237195745993346,0.3579848802064083,0.8639424791319783,2.499833562303178
2005-12-17,0.0,-1.274473,18.1035998,0.940431143600258,0.1195760697453351,0.3459955721797893,0.67659256633263,1.957733120175434
2005-12-18,15.196585,-1.979245,33.3001848,0.9347885567386566,0.1537807960039572,0.4449675810299688,1.935116660329825,5.599295892158059
2005-12-19,0.0,-2.827949,33.3001848,0.9291798253982246,0.1438829523235085,0.4163279870471891,1.1990186380711698,3.469382633307783
2005-12-20,0.0,-3.199314,33.3001848,0.9236047464458352,0.1362316445426614,0.3941887862924232,0.8578639922221143,2.482245347864914
2005-12-21,0.0,-4.829499,33.3001848,0.9180631179671602,0.1265236359871124,0.366098483759006,0.7849511774903206,2.2712707682011595
2005-12-22,0.0,-1.800347,33.3001848,0.9125547392593572,0.1258953062978207,0.3642804001673054,0.7408708010589748,2.1437233826937927
2005-12-23,4.672809,-1.679379,37.9729938,0.9063447728782212,0.1392367530004179,0.4028841232650981,0.8223423999757173,2.379462962892701
2005-12-24,0.0,-4.169039,37.9729938,0.8993252357203266,0.1325853049793579,0.3836380352411977,0.7759112011967062,2.2451134293886175
2005-12-25,3.57486,-3.372843,41.5478538,0.8935363465149718,0.1366034817897343,0.3952647042527036,0.7569994144375869,2.1903918241828326
2005-12-26,0.0,-5.726637,41.5478538,0.8874100432780582,0.1239636263901644,0.3586910485826517,0.7117768019027793,2.059539357357579
2005-12-27,0.0,-2.683718,41.5478538,0.8820855830183898,0.1238594935303893,0.3583897382245063,0.639098593282057,1.8492436148207667
2005-12-28,0.0,-5.827171,41.5478538,0.8757156935962365,0.1204277168064749,0.3484598287224389,0.6071493878379286,1.7567979972162286
2005-12-29,0.0,-9.361279,41.5478538,0.870461399434659,0.1142104628777218,0.3304700893452599,0.5728002117937336,1.6574080202364978
2005-12-30,0.0,-11.696692,41.5478538,0.8652386310380511,0.1090856824468744,0.3156414422652617,0.5435920197448496,1.5728935756506066
2005-12-31,0.0,-10.36221,41.5478538,0.8600471992518228,0.1072264962115099,0.3102618524638598,0.5168888526855397,1.4956274672613998
2006-01-01,1.016226,-9.685408,42.5640798,0.8548869160563118,0.1021952510485135,0.295703851413523,0.500813073678259,1.4491119030042217
2006-01-02,0.0,-10.291798,42.5640798,0.849757594559974,0.1018636539330941,0.2947443690193697,0.4812444666022841,1.392489776048276
2006-01-03,0.0,-9.28243,42.5640798,0.8446590489926142,0.1023996770608448,0.2962953618658705,0.4669539978634773,1.3511400401142286
2006-01-04,5.402066,-9.213316,47.9661458,0.8395910946986586,0.1086660792419991,0.3144273126215252,0.5272909267179671,1.5257260611052286
2006-01-05,0.0,-6.839904,47.9661458,0.8345535481304667,0.1063233970736377,0.3076487183843683,0.5528637607661935,1.599721529994773
2006-01-06,12.361221,-7.034218,60.3273668,0.8295462268416839,0.1227885223929092,0.3552908634054087,0.916998363172734,2.6533517452914763
2006-01-07,10.29967,-5.051058,70.6270368,0.8245689494806339,0.1211692410645781,0.3506054428951914,1.4841088740822883,4.29429651065477
2006-01-08,0.0,-5.017,70.6270368,0.8196215357837501,0.1287852235390119,0.3726424292216779,1.044180140646933,3.021354573631172
2006-01-09,0.0,-5.415254,70.6270368,0.8147038065690476,0.1318230463022729,0.3814324256431509,0.794426576582552,2.298688010944884
2006-01-10,0.0,-5.611542,70.6270368,0.8098155837296334,0.1300094757886682,0.3761848257773966,0.7415104962816343,2.1455743526667663
2006-01-11,3.961142,-3.079003,74.5881788,0.8049566902272556,0.1393454935088556,0.4031987659399757,0.7748975184909312,2.242180319707556
2006-01-12,0.0,-2.328,74.5881788,0.799282821154345,0.1388693698137189,0.4018210932109922,0.745747766785918,2.157834973338883
2006-01-13,6.9283,-5.098574,81.51647879999999,0.7933172568336275,0.1617908860273331,0.4681449248476075,0.8766155479989912,2.5365033217563404
2006-01-14,21.911311,-6.034277,103.4277898,0.7885573532926258,0.303454887218848,0.8780523357026854,4.7589106106818235,13.769995979982127
2006-01-15,0.0,-12.885798,103.4277898,0.78382600917287,0.1632931330796339,0.4724917045128295,2.172767736019914,6.2869436806131755
2006-01-16,0.0,-13.43386,103.4277898,0.7791230531178328,0.148981469156979,0.4310806399218144,1.506431626352196,4.3588878077320485
2006-01-17,0.930419,-6.589995,104.3582088,0.7744483147991257,0.1392412070607918,0.4028970111712725,1.2546397729092271,3.630323416982718
2006-01-18,0.0,-3.191947,104.3582088,0.769801624910331,0.1574710618178443,0.4556454335007069,1.0929007648551805,3.1623286020115167
2006-01-19,32.081396,-2.258409,136.43960479999998,0.7644025104203235,0.7295258485218881,2.110896552436019,9.966989957111425,28.83967001479
2006-01-20,0.0,0.43857,135.03618079999998,0.7586361674456192,0.2489336557121646,0.7202941426856616,4.256627143851404,12.316629467162628
2006-01-21,0.0,-3.866435,135.03618079999998,0.7540843504409456,0.277528416135766,0.8030336115039528,2.476851506156841,7.166815700685303
2006-01-22,2.396079,-3.168927,137.43225979999997,0.7495598443382998,0.2238391723892618,0.6476827904781883,2.272718617074645,6.576153405887282
2006-01-23,11.421004,-4.38976,148.85326379999998,0.74506248527227,0.3049622026846776,0.8824137809163127,3.1631676091319605,9.152684054201275
2006-01-24,0.0,0.585467,146.97976939999998,0.7433142707606365,0.2332178108595783,0.6748200545705393,2.360847730749853,6.831156628327121
2006-01-25,0.945043,0.545842,145.233075,0.7518970075360727,0.278593243741696,0.806114709900741,1.641543051983536,4.749835219859769
2006-01-26,5.988623,1.664144,139.9078142,0.8121680382908562,0.5240178834904796,1.5162554499145824,1.9917516506604829,5.763170285475934
2006-01-27,0.0,5.046681,123.758435,0.900446501261111,0.7372683877462549,2.13329973306208,1.7164540119549443,4.966591469777038
2006-01-28,0.0,2.890736,114.5080798,0.9448716634535445,0.7771018176111255,2.2485585000321917,1.3774945363221702,3.985805950006279
2006-01-29,0.0,1.735055,108.9559038,0.968035793472823,0.7291587725117665,2.1098344112030283,1.255570076372745,3.633015267282248
2006-01-30,32.191919,6.264239,88.910339,1.2718087735119858,6.61346185866833,19.136174359572713,12.542761398604512,36.29271238022139
2006-01-31,0.0,3.521464,77.64165419999999,1.325327171670914,2.1913871674713903,6.34081935032231,5.61742460421172,16.254122118668175
2006-02-01,0.0,0.390311,76.392659,1.3199534938408886,1.5945045267137203,4.6137283759077565,2.9353136999990426,8.493384548608342
2006-02-02,0.0,2.20593,69.333683,1.3512610888778434,1.1444175022572622,3.3113932356980973,2.8750290679568735,8.31894984941225
2006-02-03,17.840488,-0.834282,87.174171,1.3431535223445763,1.8806352081899291,5.441652801475489,5.531341747307579,16.00503977808906
2006-02-04,0.0,0.010823,87.1395374,1.3350946012105087,1.1065288840987364,3.201761817415325,3.363651163679222,9.732786931942194
2006-02-05,0.0,-1.946528,87.1395374,1.327084033603246,0.917518720295032,2.654857408261088,2.282823344180045,6.605391620891333
2006-02-06,1.719131,-8.418433,88.8586684,1.3191215294016263,0.7472617633423084,2.162215750411772,2.158515587559151,6.245704825113285
2006-02-07,0.0,-10.645802,88.8586684,1.3112068002252164,0.6559415457916629,1.8979790098138392,1.7530928630093443,5.072606663800187
2006-02-08,25.16626,-8.818955,114.0249284,1.3033395594238653,1.0903230542079534,3.1548699485183835,6.603973174189122,19.108718675315743
2006-02-09,0.0,-6.048589,114.0249284,1.295519522067322,0.6382861112345495,1.84689268297034,3.5293426703516673,10.212218374860148
2006-02-10,0.0,-1.053433,114.0249284,1.287746404934918,0.6066952272680837,1.7554838751970014,2.5121945520175615,7.269081458384148
2006-02-11,0.0,-1.08382,114.0249284,1.2784022521053084,0.6124843538419356,1.7722348201444895,2.3492852204017467,6.797700290514313
2006-02-12,0.0,2.060837,107.43025,1.2958921629926767,0.6593094297874558,1.9077240445238883,1.8794227822385068,5.4381446245327165
2006-02-13,0.0,0.968691,104.3304388,1.3023479472147206,0.7205575979591217,2.08494675335394,1.7485564025185685,5.059480331361599
2006-02-14,0.0,0.430526,102.9527556,1.2990850467314323,0.7139672012828413,2.06587731852674,1.5123885865285835,4.376124382316504
2006-02-15,0.0,-3.131898,102.9527556,1.2912905364510436,0.6763579602215586,1.9570542830484912,1.4037585464675928,4.061801349732619
2006-02-16,0.0,3.796808,90.80297,1.3518633748323374,0.6899737924020144,1.9964519456076804,1.3079238891470713,3.784501994059813
2006-02-17,0.0,4.418281,76.66447079999999,1.4230049897833434,0.7336658208452462,2.1228756390198096,1.2325995846935545,3.566549724229035
2006-02-18,22.914327,-0.243132,99.5787978,1.414466959844643,2.1711970653849733,6.282398916044483,5.623343896860291,16.27124970156334
2006-02-19,0.0,-1.236672,99.5787978,1.4059801580855755,1.249217088793806,3.6146327800746696,3.107718857949493,8.99224206582608
2006-02-20,0.458878,-6.072497,100.0376758,1.397544277137062,0.9368734940759892,2.7108608046180245,2.1303333652791423,6.164159043053074
2006-02-21,0.0,0.412394,98.718015,1.3891590114742396,0.8153123568228793,2.3591214028439795,1.971602748632524,5.70486906433022
2006-02-22,0.0,2.810772,89.7235446,1.4276700246053944,0.8041528621444627,2.326831198334673,1.6137051362498411,4.669285695167365
2006-02-23,7.250039,-1.987136,96.9735836,1.419104004457762,1.0406355917220012,3.0110983556770865,2.017433532393724,5.837481285861471
2006-02-24,0.0,-6.223295,96.9735836,1.4105893804310154,0.8334111239754805,2.4114905207623853,1.8678572769187696,5.404679620714033
2006-02-25,0.0,-1.56978,96.9735836,1.4021258441484292,0.7376221015752549,2.134323210576548,1.4476290157045524,4.188741364885858
2006-02-26,0.0,4.255341,83.3564924,1.465970238283539,0.732430587032944,2.1193014671092127,1.362595569981857,3.9426955149938
2006-02-27,0.0,2.052459,76.7886236,1.4903268816538375,0.7518498294981057,2.17549140479776,1.2433684275595258,3.5977095704847395
2006-02-28,0.0,1.523227,71.9142972,1.5058340947639146,0.7302972457021539,2.113128604462251,1.1738802668947557,3.3966442907834367
2006-03-01,0.0,-0.265425,71.9142972,1.4967990901953312,0.6991159817017945,2.022905039646396,1.1103298486717428,3.2127599787955523
2006-03-02,0.0,2.037879,65.39308439999999,1.5192181724541591,0.6651521586740827,1.9246300887560268,1.0450516773914664,3.023876381341049
2006-03-03,15.119926,4.451982,51.14674199999999,1.6814203618194343,1.949883713528635,5.642024634052764,2.498885819620469,7.230572394735153
2006-03-04,0.0,2.271314,43.87853719999999,1.7083447524485176,1.3322168911836485,3.854794245323057,1.936163095738177,5.602323772390558
2006-03-05,41.306755,-0.994555,85.18529219999999,1.6980946839338265,4.220985752739779,12.21350044195538,17.413501885027927,50.38629017658543
2006-03-06,35.593484,-1.725596,120.77877619999998,1.687906115830223,4.131381730727668,11.954229544929593,25.26826745763401,73.11419981954285
2006-03-07,0.152541,3.980334,108.04170739999998,1.744848297935242,3.5750285819595007,10.344411406132814,7.560572335036113,21.87665606202579
2006-03-08,0.0,-0.150381,108.04170739999998,1.7343792081476308,2.7671882797147163,8.006910531581935,5.6965388532785255,16.483040663421658
2006-03-09,0.0,-3.396449,108.04170739999998,1.723972932898745,2.095835822948011,6.064339765474569,4.380919695231711,12.67627226629546
2006-03-10,0.0,-8.3543,108.04170739999998,1.7136290953013529,1.7479427213123166,5.057704633426842,3.5780498171875763,10.353153406214052
2006-03-11,0.0,-4.578193,108.04170739999998,1.7033473207295444,1.5224965773851196,4.405372041044906,3.0099325734423132,8.709295640747435
2006-03-12,7.173528,-7.75571,115.21523539999998,1.693127236805167,1.508253644221682,4.364159850178479,2.9761087461398006,8.61142577008044
2006-03-13,1.610618,1.812122,109.41644499999998,1.716028103784336,1.3900339737786993,4.022089044498551,2.9422497471191633,8.513454129395727
2006-03-14,0.0,-2.079481,109.41644499999998,1.7057319351616302,1.4099768755143671,4.079794199983701,2.2388050174173557,6.478023777249294
2006-03-15,0.974534,-1.850848,110.390979,1.6954975435506603,1.312910977677051,3.798932227074801,2.051796723369268,5.936911815304595
2006-03-16,0.0,4.205162,96.9344606,1.7564406286893566,1.4326792212399295,4.145483857754426,1.8010273263630694,5.211305921189436
2006-03-17,0.0,6.273291,76.8599294,1.8593744001172203,1.850649245046796,5.35488786182522,1.6691752362044454,4.829789456610086
2006-03-18,0.0,1.403341,72.3692382,1.8665676669165172,1.8861138560380653,5.457505370480513,1.5000516456315085,4.340427215368948
2006-03-19,11.346186,1.869022,66.3883678,7.656452885836343,2.623980716221226,7.592536794621603,2.2792630140584436,6.595089739752441
2006-03-20,0.0,3.592905,54.8910718,10.613737,2.0323856978775545,5.880745653580887,2.15822361622223,6.244860000643027
2006-03-21,11.060818,4.865165,39.3225438,25.51731599999998,3.629324960211449,10.501518982093312,2.7461578961005273,7.946058727142731
2006-03-22,0.173283,6.83639,17.4460958,20.765327999999997,2.903917489188572,8.402539031216934,2.673254296666059,7.735110812112438
2006-03-23,0.0,7.756843,0.0,15.895777800000005,2.6698374180061535,7.725224010434473,1.7651043695210866,5.107362180327218
2006-03-24,0.0,7.772732,0.0,1.90848,2.316741628280141,6.703534804051335,1.6522424537444549,4.780794136992057
2006-03-25,0.0,4.67126,0.0,1.888786218,2.01094711498893,5.818712716981858,1.4089938048743944,4.076949666881928
2006-03-26,0.0,8.973071,0.0,1.869716926692,1.917346341732724,5.547877146217374,1.361693958730532,3.940086686141586
2006-03-27,0.0,8.25145,0.0,1.8472553511318484,1.6999326349249166,4.918786559389226,1.2165446936935442,3.520094599807709
2006-03-28,0.0,7.437604,0.0,1.8254472210250576,1.520576646981553,4.399816686867919,1.1368697897771796,3.2895537898645246
2006-03-29,0.0,12.0711,0.0,1.804370539698907,1.47350079975757,4.263601851150376,1.0762830495710318,3.1142449351013655
2006-03-30,15.252269,12.247882,0.0,1.8590828384607136,2.6700668789095516,7.72588795980773,2.6021085151963774,7.529249175915444
2006-03-31,5.896727,12.674572,0.0,1.8691087494299492,2.718459937694959,7.865914171571063,2.806566934656587,8.120853398890587
2006-04-01,13.156038,11.143564,0.0,2.2861981555616193,3.3928349351901943,9.817230715249403,4.137177231215503,11.97099893291523
2006-04-02,2.782251,8.320556,0.0,1.911733356,2.738884185127582,7.925012109744159,3.248954194227096,9.400909126814517
2006-04-03,0.0,5.813486,0.0,1.9002629558639996,1.7390579267859518,5.031996315931573,2.369043585808477,6.854871486714343
2006-04-04,0.0,11.187144,0.0,1.880608138128816,1.4408522684376734,4.169132721173823,2.1244427936405685,6.1471145649322
2006-04-05,0.0,13.333763,0.0,1.855625343300043,1.1504318660565716,3.328795908728506,1.8354250747035827,5.310836443008052
2006-04-06,46.332673,16.335212,0.0,31.06806820670708,9.576813039655008,27.71068587863139,28.978825356231255,83.85076781316914
2006-04-07,2.910923,13.708663,0.0,1.907695944,5.163518069396389,14.940735154503445,16.09946929400394,46.58411254052065
2006-04-08,0.0,11.266006,0.0,1.892162562336,2.6747988572919112,7.739580026886317,5.931970040637111,17.16426516388053
2006-04-09,15.087108,7.648726,0.0,6.132087493664001,3.995902729924268,11.56221854723457,11.370042320297102,32.89942801011893
2006-04-10,0.0,8.910694,0.0,1.90848,2.7074267693840426,7.833989494745494,5.612561998989776,16.24005208041023
2006-04-11,54.524575,5.890103,0.0,48.75993799999996,11.55004226553814,33.42026118500618,29.181967370468556,84.43856299325391
2006-04-12,7.649316,5.55131,0.0,6.05636299999996,8.343851719673125,24.143089466646774,16.972253789795104,49.109530641768245
2006-04-13,3.210996,5.489306,0.0,1.918439454,4.4354383157374855,12.834022904333002,9.569693300941536,27.69008478281695
2006-04-14,0.0,10.667557,0.0,1.906928817276,3.788221106636271,10.961287924294767,7.922678842486732,22.92441794701022
2006-04-15,0.0,7.239705,0.0,1.884235048372344,2.5556475970834924,7.394813648968438,6.397884415043791,18.51239703427023
2006-04-16,0.0,11.803862,0.0,1.86197558808211,2.2166873055129344,6.414025768266593,5.987042500512132,17.32361834638927
